name,local_price,GDP_dollar,date
Argentina,2.5,9283.175,2000
Australia,2.59,20394.027,2000
Brazil,2.95,5123.549,2000
Canada,2.85,21046.556,2000
Switzerland,5.9,42737.474,2000
Chile,1260.0,5475.546,2000
China,9.9,820.903,2000
Czech Republic,54.37,6521.063,2000
Denmark,24.75,33405.3,2000
Euro area,2.56,,2000
Britain,1.9,28283.064,2000
Hong Kong,10.2,25649.085,2000
Hungary,339.0,4738.016,2000
Indonesia,14500.0,572.09,2000
Israel,14.5,20207.806,2000
Japan,294.0,32436.929,2000
South Korea,3000.0,8570.151,2000
Mexico,20.9,5759.186,2000
Malaysia,4.52,3521.119,2000
New Zealand,3.4,14889.47,2000
Poland,5.5,4459.097,2000
Russia,39.5,1948.059,2000
Singapore,3.2,21829.278,2000
Sweden,24.0,30594.173,2000
Thailand,55.0,1845.829,2000
Taiwan,70.0,12767.078,2000
United States,2.24,32833.666,2000
South Africa,9.0,3508.14,2000
Argentina,2.5,8709.072,2001
Australia,3.0,21775.529,2001
Brazil,3.6,3501.438,2001
Canada,3.33,22340.553,2001
Switzerland,6.3,41771.329,2001
Chile,1260.0,4985.768,2001
China,9.9,865.236,2001
Czech Republic,56.0,6374.041,2001
Denmark,24.75,33477.76,2001
Euro area,2.57,23755.319405204,2001
Britain,1.99,28768.448,2001
Hong Kong,10.7,24969.005,2001
Hungary,399.0,4786.245,2001
Indonesia,14700.0,829.574,2001
Japan,294.0,36622.892,2001
South Korea,3000.0,11052.115,2001
Mexico,21.9,6435.62,2001
Malaysia,4.52,3762.769,2001
New Zealand,3.6,15348.777,2001
Philippines,59.0,1112.353,2001
Poland,5.9,4348.147,2001
Russia,35.0,1424.156,2001
Singapore,3.3,21796.642,2001
Sweden,24.0,30956.584,2001
Thailand,55.0,2033.26,2001
Taiwan,70.0,13752.716,2001
United States,2.24,34496.241,2001
South Africa,9.7,3423.595,2001
Argentina,2.5,8638.543,2002
Australia,3.0,20913.346,2002
Brazil,3.6,3751.971,2002
Canada,3.33,24296.721,2002
Switzerland,6.3,38984.533,2002
Chile,1400.0,5099.922,2002
China,10.5,951.163,2002
Czech Republic,56.28,6048.872,2002
Denmark,24.75,30777.178,2002
Euro area,2.67,21589.7075413793,2002
Britain,1.99,28337.638,2002
Hong Kong,11.2,25574.491,2002
Hungary,459.0,4619.293,2002
Indonesia,16000.0,870.154,2002
Israel,12.0,21717.968,2002
Japan,262.0,39172.971,2002
South Korea,3100.0,12716.99,2002
Mexico,21.9,7467.739,2002
Malaysia,5.04,4347.73,2002
Norway,35.0,38094.597,2002
New Zealand,3.6,14021.862,2002
Peru,8.5,1910.357,2002
Philippines,65.0,1087.287,2002
Poland,5.9,4485.064,2002
Russia,39.0,1898.155,2002
Singapore,3.3,23852.834,2002
Sweden,26.0,29596.993,2002
Thailand,55.0,2007.735,2002
Turkey,4000000.0,4219.375,2002
Taiwan,70.0,14844.238,2002
United States,2.35,36312.782,2002
Venezuela,2500.0,4820.646,2002
South Africa,9.7,3382.066,2002
Argentina,4.1,8085.356,2003
Australia,3.0,19502.104,2003
Brazil,4.55,3163.671,2003
Canada,3.2,23859.77,2003
Switzerland,6.3,39840.715,2003
Chile,1400.0,4608.057,2003
China,9.9,1044.958,2003
Czech Republic,56.57,6659.088,2003
Denmark,27.75,30823.475,2003
Egypt,8.0,1566.199,2003
Euro area,2.71,21487.1981575627,2003
Britain,1.99,27916.906,2003
Hong Kong,11.5,25166.902,2003
Hungary,490.0,5269.607,2003
Indonesia,16100.0,834.139,2003
Japan,262.0,34410.68,2003
South Korea,3300.0,11983.382,2003
Mexico,23.0,7902.129,2003
Malaysia,5.04,4189.053,2003
New Zealand,3.95,13669.348,2003
Peru,7.9,1910.299,2003
Philippines,65.0,1003.957,2003
Poland,6.3,4987.859,2003
Russia,41.0,2250.201,2003
Singapore,3.3,21699.748,2003
Sweden,30.0,27219.096,2003
Thailand,59.0,1893.264,2003
Turkey,3750000.0,3087.619,2003
Taiwan,70.0,13357.195,2003
United States,2.46,37101.453,2003
Venezuela,3700.0,4963.916,2003
South Africa,13.95,2964.029,2003
Argentina,4.36,2997.621,2004
Australia,3.25,21701.988,2004
Brazil,5.4,2844.405,2004
Canada,3.19,24279.8,2004
Switzerland,6.3,42667.36,2004
Chile,1400.0,4479.771,2004
China,10.4,1141.14,2004
Colombia,6500.0,2424.349,2004
Costa Rica,1130.0,4122.829,2004
Czech Republic,56.42,8096.686,2004
Denmark,27.75,33304.059,2004
Egypt,10.0,1355.278,2004
Euro area,2.74,23307.5271566333,2004
Britain,1.88,30127.493,2004
Hong Kong,12.0,24731.081,2004
Hungary,530.0,6644.61,2004
Indonesia,16100.0,1002.907,2004
Japan,262.0,32832.296,2004
South Korea,3200.0,13637.337,2004
Sri Lanka,140.0,1061.683,2004
Mexico,24.0,7934.694,2004
Malaysia,5.04,4441.824,2004
Norway,35.5,43083.871,2004
New Zealand,4.35,15706.932,2004
Pakistan,110.0,689.971,2004
Peru,8.99,1998.363,2004
Philippines,69.0,1050.297,2004
Poland,6.3,5205.517,2004
Russia,42.0,2546.779,2004
Saudi Arabia,2.4,9937.43,2004
Singapore,3.3,22159.833,2004
Sweden,30.0,29904.825,2004
Thailand,59.0,2096.189,2004
Turkey,3950000.0,3586.498,2004
Taiwan,75.0,13651.355,2004
Ukraine,7.25,885.315,2004
Uruguay,29.8,4441.095,2004
United States,2.47,37945.761,2004
Venezuela,4400.0,3778.255,2004
South Africa,12.4,2778.115,2004
UAE,9.0,35017.316,2005
Argentina,4.75,3761.088,2005
Australia,3.25,27295.431,2005
Brazil,5.9,3077.735,2005
Canada,3.28,28340.085,2005
Switzerland,6.3,49517.32,2005
Chile,1500.0,4824.87,2005
China,10.5,1282.21,2005
Colombia,6500.0,2313.535,2005
Costa Rica,1130.0,4227.819,2005
Czech Republic,56.42,9857.191,2005
Denmark,27.75,40572.443,2005
Egypt,9.0,1252.404,2005
Euro area,2.92,28540.6813365933,2005
Britain,1.88,34480.168,2005
Hong Kong,12.0,23856.482,2005
Hungary,530.0,8409.098,2005
Indonesia,14600.0,1186.465,2005
Japan,250.0,35410.229,2005
South Korea,2500.0,15211.145,2005
Sri Lanka,175.0,1162.71,2005
Mexico,28.0,7390.343,2005
Malaysia,5.25,4740.324,2005
Norway,39.0,50161.513,2005
New Zealand,4.45,20460.331,2005
Pakistan,130.0,771.761,2005
Peru,8.99,2147.735,2005
Philippines,80.0,1062.619,2005
Poland,6.5,5699.557,2005
Russia,42.0,3190.609,2005
Saudi Arabia,9.0,11027.928,2005
Singapore,3.6,23730.379,2005
Sweden,31.0,37219.938,2005
Thailand,60.0,2359.116,2005
Turkey,4.0,4711.312,2005
Taiwan,75.0,14040.597,2005
Ukraine,7.25,1055.946,2005
Uruguay,44.0,3941.678,2005
United States,2.58,39405.354,2005
Venezuela,5600.0,3266.095,2005
South Africa,13.95,4191.4,2005
Argentina,4.75,4314.098,2006
Australia,3.25,32863.187,2006
Brazil,6.2,3647.959,2006
Canada,3.52,32178.496,2006
Switzerland,6.3,54786.321,2006
Chile,1560.0,6183.906,2006
China,10.5,1499.712,2006
Czech Republic,62.0,11784.605,2006
Denmark,27.75,46684.835,2006
Egypt,9.25,1195.597,2006
Euro area,2.91,32514.7363472792,2006
Britain,1.88,40410.653,2006
Hong Kong,12.0,24873.898,2006
Hungary,560.0,10291.667,2006
Indonesia,14600.0,1279.721,2006
Japan,250.0,38307.103,2006
South Korea,2500.0,17107.739,2006
Mexico,28.0,7806.561,2006
Malaysia,5.5,5244.873,2006
New Zealand,4.45,24848.791,2006
Peru,9.5,2405.294,2006
Philippines,82.0,1137.068,2006
Poland,6.5,6684.675,2006
Russia,46.0,4395.83,2006
Singapore,3.6,27608.075,2006
Sweden,33.0,42673.53,2006
Thailand,60.0,2660.126,2006
Turkey,4.1,5984.74,2006
Taiwan,75.0,15290.307,2006
United States,2.67,41641.617,2006
Venezuela,5900.0,4311.999,2006
South Africa,13.95,5392.861,2006
UAE,9.0,39301.136,2006
Argentina,7.0,4314.098,2006
Australia,3.25,32863.187,2006
Brazil,6.4,3647.959,2006
Canada,3.52,32178.496,2006
Switzerland,6.3,54786.321,2006
Chile,1560.0,6183.906,2006
China,10.5,1499.712,2006
Colombia,6500.0,2827.173,2006
Costa Rica,1130.0,4483.59,2006
Czech Republic,59.05,11784.605,2006
Denmark,27.75,46684.835,2006
Egypt,9.5,1195.597,2006
Euro area,2.939573529,32514.7363472792,2006
Britain,1.94,40410.653,2006
Hong Kong,12.0,24873.898,2006
Hungary,560.0,10291.667,2006
Indonesia,14600.0,1279.721,2006
Japan,250.0,38307.103,2006
South Korea,2500.0,17107.739,2006
Sri Lanka,190.0,1259.771,2006
Mexico,29.0,7806.561,2006
Malaysia,5.5,5244.873,2006
Norway,43.0,57676.821,2006
New Zealand,4.45,24848.791,2006
Pakistan,130.0,885.149,2006
Peru,9.5,2405.294,2006
Philippines,85.0,1137.068,2006
Poland,6.5,6684.675,2006
Russia,48.0,4395.83,2006
Saudi Arabia,9.0,12891.345,2006
Singapore,3.6,27608.075,2006
Sweden,33.0,42673.53,2006
Thailand,60.0,2660.126,2006
Turkey,4.2,5984.74,2006
Taiwan,75.0,15290.307,2006
Ukraine,8.5,1374.656,2006
Uruguay,42.28,4476.943,2006
United States,2.78,41641.617,2006
Venezuela,5701.25,4311.999,2006
South Africa,13.95,5392.861,2006
UAE,10.0,43983.848,2007
Argentina,8.25,5163.55,2007
Australia,3.45,36256.942,2007
Brazil,6.4,4806.171,2007
Canada,3.63,36440.967,2007
Switzerland,6.3,56402.171,2007
Chile,1670.0,7558.009,2007
China,11.0,1751.368,2007
Colombia,6900.0,3493.976,2007
Costa Rica,1130.0,4756.337,2007
Czech Republic,52.1,13458.775,2007
Denmark,27.75,48998.314,2007
Egypt,9.09,1331.362,2007
Euro area,2.94,33511.3370172867,2007
Britain,1.94,42143.874,2007
Hong Kong,12.0,26551.769,2007
Hungary,590.0,11211.246,2007
Indonesia,15900.0,1404.348,2007
Japan,280.0,37819.107,2007
South Korea,2900.0,20162.881,2007
Sri Lanka,190.0,1477.595,2007
Mexico,29.0,8626.151,2007
Malaysia,5.5,5678.332,2007
Norway,41.5,66924.047,2007
New Zealand,4.6,27385.506,2007
Pakistan,140.0,948.828,2007
Peru,9.5,2677.739,2007
Philippines,85.0,1261.241,2007
Poland,6.9,8023.921,2007
Russia,49.0,5697.621,2007
Saudi Arabia,9.0,15943.431,2007
Singapore,3.6,29961.308,2007
Sweden,32.0,43291.52,2007
Thailand,62.0,2893.221,2007
Turkey,4.55,7330.763,2007
Taiwan,75.0,16427.459,2007
Ukraine,9.0,1839.515,2007
Uruguay,55.0,5663.499,2007
United States,2.89,44034.256,2007
Venezuela,6800.0,5421.656,2007
South Africa,15.5,6007.979,2007
UAE,10.0,43983.848,2007
Argentina,8.25,5163.55,2007
Australia,3.45,36256.942,2007
Brazil,6.9,4806.171,2007
Canada,3.88,36440.967,2007
Switzerland,6.3,56402.171,2007
Chile,1565.0,7558.009,2007
China,11.0,1751.368,2007
Colombia,6900.0,3493.976,2007
Costa Rica,1130.0,4756.337,2007
Czech Republic,52.9,13458.775,2007
Denmark,27.75,48998.314,2007
Egypt,9.54,1331.362,2007
Euro area,3.057482443,33511.3370172867,2007
Britain,1.99,42143.874,2007
Hong Kong,12.0,26551.769,2007
Hungary,600.0,11211.246,2007
Indonesia,15900.0,1404.348,2007
Japan,280.0,37819.107,2007
South Korea,2900.0,20162.881,2007
Sri Lanka,210.0,1477.595,2007
Mexico,29.0,8626.151,2007
Malaysia,5.5,5678.332,2007
Norway,40.0,66924.047,2007
New Zealand,4.6,27385.506,2007
Pakistan,140.0,948.828,2007
Peru,9.5,2677.739,2007
Philippines,85.0,1261.241,2007
Poland,6.9,8023.921,2007
Russia,52.0,5697.621,2007
Saudi Arabia,9.0,15943.431,2007
Singapore,3.95,29961.308,2007
Sweden,33.0,43291.52,2007
Thailand,62.0,2893.221,2007
Turkey,4.75,7330.763,2007
Taiwan,75.0,16427.459,2007
Ukraine,9.25,1839.515,2007
Uruguay,62.0,5663.499,2007
United States,3.0,44034.256,2007
Venezuela,7400.0,5421.656,2007
South Africa,15.5,6007.979,2007
UAE,10.0,44313.566,2008
Argentina,11.0,5976.082,2008
Australia,3.45,37980.835,2008
Brazil,7.5,5906.244,2008
Canada,4.09,40559.017,2008
Switzerland,6.5,59238.78,2008
Chile,1550.0,9410.392,2008
China,12.5,2095.239,2008
Colombia,7000.0,3836.682,2008
Costa Rica,1800.0,5309.271,2008
Czech Republic,66.08,15281.951,2008
Denmark,28.0,52213.64,2008
Egypt,13.0,1563.739,2008
Euro area,3.36856,35400.3943445225,2008
Britain,2.29,44589.681,2008
Hong Kong,13.3,28028.157,2008
Hungary,670.0,11483.141,2008
Indonesia,18700.0,1765.794,2008
Japan,280.0,36021.9,2008
South Korea,3200.0,22596.681,2008
Sri Lanka,210.0,1698.156,2008
Mexico,32.0,9456.912,2008
Malaysia,5.5,6351.127,2008
Norway,40.0,74255.799,2008
New Zealand,4.9,26219.918,2008
Pakistan,140.0,1032.277,2008
Peru,9.5,3130.79,2008
Philippines,87.0,1470.825,2008
Poland,7.0,9031.797,2008
Russia,59.0,7416.297,2008
Saudi Arabia,10.0,17827.397,2008
Singapore,3.95,33768.446,2008
Sweden,38.0,46364.062,2008
Thailand,62.0,3369.135,2008
Turkey,5.15,7921.012,2008
Taiwan,75.0,16892.883,2008
Ukraine,11.0,2319.286,2008
Uruguay,61.0,6377.451,2008
United States,3.21,46216.853,2008
South Africa,16.95,6250.883,2008
UAE,10.0,41466.918,2009
Argentina,11.5,7315.726,2009
Australia,4.34,45207.756,2009
Brazil,8.03,7374.237,2009
Canada,3.89,44717.074,2009
Switzerland,6.5,65396.963,2009
Chile,1750.0,10447.116,2009
China,12.5,2691.048,2009
Colombia,7000.0,4834.404,2009
Costa Rica,2000.0,6194.045,2009
Czech Republic,67.92,18513.803,2009
Denmark,29.5,58786.14,2009
Egypt,13.0,1862.164,2009
Euro area,3.31,40371.2637850171,2009
Britain,2.29,50419.848,2009
Hong Kong,13.3,30494.551,2009
Hungary,720.0,13926.753,2009
Indonesia,20900.0,2064.003,2009
Israel,15.0,25738.706,2009
Japan,320.0,35847.232,2009
South Korea,3400.0,25075.287,2009
Sri Lanka,210.0,1928.714,2009
Mexico,33.0,10063.621,2009
Malaysia,6.77,7480.893,2009
Norway,40.0,85276.992,2009
New Zealand,4.9,31914.298,2009
Pakistan,190.0,1146.082,2009
Peru,8.056,3633.714,2009
Philippines,99.39,1764.683,2009
Poland,7.6,11252.863,2009
Russia,67.0,9757.472,2009
Saudi Arabia,11.0,19196.07,2009
Singapore,4.22,39432.895,2009
Sweden,39.0,53365.592,2009
Thailand,64.49,3972.98,2009
Turkey,5.65,9676.029,2009
Taiwan,75.0,17723.704,2009
Ukraine,14.0,3101.388,2009
Uruguay,61.0,7622.824,2009
United States,3.43,47943.353,2009
South Africa,17.95,6752.256,2009
UAE,11.0,39073.38,2010
Argentina,7.0,9146.79,2010
Australia,4.35,49198.736,2010
Brazil,8.2,8863.269,2010
Canada,4.12,46773.744,2010
Switzerland,6.5,74669.867,2010
Chile,1600.0,10759.738,2010
China,12.5,3446.695,2010
Colombia,8200.0,5622.109,2010
Costa Rica,2050.0,6993.896,2010
Czech Republic,67.64,22895.716,2010
Denmark,30.94,64826.681,2010
Egypt,13.0,2271.232,2010
Euro area,3.36,44055.4756400915,2010
Britain,2.29,47884.16,2010
Hong Kong,14.8,31487.94,2010
Hungary,720.0,15761.631,2010
Indonesia,20900.0,2416.785,2010
Israel,14.9,30278.46,2010
Japan,320.0,39992.06,2010
South Korea,3400.0,22291.166,2010
Sri Lanka,210.0,2410.801,2010
Mexico,32.0,10438.499,2010
Malaysia,7.05,8766.175,2010
Norway,40.0,97119.989,2010
New Zealand,4.9,31762.876,2010
Pakistan,200.0,1228.232,2010
Peru,8.056,4286.515,2010
Philippines,101.52,2011.634,2010
Poland,8.1,13999.496,2010
Russia,70.0,12463.807,2010
Saudi Arabia,10.0,23403.651,2010
Singapore,4.45,40008.577,2010
Sweden,39.0,55596.078,2010
Thailand,70.0,4378.4,2010
Turkey,5.65,10946.357,2010
Taiwan,75.0,18053.591,2010
Ukraine,14.0,3944.724,2010
Uruguay,77.0,9857.304,2010
United States,3.43,48470.553,2010
South Africa,17.95,6337.933,2010
UAE,11.0,39073.38,2010
Argentina,14.0,9146.79,2010
Australia,4.35,49198.736,2010
Brazil,8.71,8863.269,2010
Canada,4.17,46773.744,2010
Switzerland,6.5,74669.867,2010
Chile,1750.0,10759.738,2010
China,13.2,3446.695,2010
Colombia,8200.0,5622.109,2010
Costa Rica,2000.0,6993.896,2010
Czech Republic,67.64,22895.716,2010
Denmark,28.5,64826.681,2010
Egypt,13.0,2271.232,2010
Euro area,3.380031071,44055.4756400915,2010
Britain,2.29,47884.16,2010
Hong Kong,14.8,31487.94,2010
Hungary,740.0,15761.631,2010
Indonesia,22780.0,2416.785,2010
Israel,14.9,30278.46,2010
Japan,320.0,39992.06,2010
South Korea,3400.0,22291.166,2010
Sri Lanka,210.0,2410.801,2010
Mexico,32.0,10438.499,2010
Malaysia,7.05,8766.175,2010
Norway,45.0,97119.989,2010
New Zealand,5.0,31762.876,2010
Pakistan,210.0,1228.232,2010
Peru,10.0,4286.515,2010
Philippines,102.0,2011.634,2010
Poland,8.3,13999.496,2010
Russia,71.0,12463.807,2010
Saudi Arabia,10.0,23403.651,2010
Singapore,4.23,40008.577,2010
Sweden,48.4,55596.078,2010
Thailand,70.0,4378.4,2010
Turkey,5.95,10946.357,2010
Taiwan,75.0,18053.591,2010
Ukraine,14.5,3944.724,2010
Uruguay,79.0,9857.304,2010
United States,3.53,48470.553,2010
South Africa,18.45,6337.933,2010
UAE,12.0,30920.369,2011
Argentina,20.0,8337.811,2011
Australia,4.56,45772.165,2011
Austria,3.09,48111.662,2011
Belgium,3.75,44892.228,2011
Brazil,9.5,8640.934,2011
Canada,4.73,40989.278,2011
Switzerland,6.5,71918.046,2011
Chile,1850.0,10176.733,2011
China,14.65,3813.408,2011
Colombia,8400.0,5330.795,2011
Costa Rica,2050.0,6879.266,2011
Czech Republic,69.32,19863.767,2011
Germany,3.4,43189.389,2011
Denmark,28.5,58536.553,2011
Egypt,14.09,2578.884,2011
Spain,3.5,32241.569,2011
Estonia,2.2,14757.1,2011
Euro area,3.437660401,39789.5928854971,2011
Finland,3.75,47538.607,2011
France,3.5,43177.991,2011
Britain,2.39,38892.333,2011
Greece,3.26,29829.328,2011
Hong Kong,15.1,30593.991,2011
Hungary,760.0,13066.422,2011
Indonesia,22534.0,2469.384,2011
India,84.0,1096.637,2011
Ireland,3.8,51943.659,2011
Israel,15.9,28521.786,2011
Italy,3.5,37143.468,2011
Japan,320.0,41469.773,2011
South Korea,3700.0,19933.009,2011
Sri Lanka,280.0,2472.242,2011
Mexico,32.0,8346.772,2011
Malaysia,7.2,7543.882,2011
Netherlands,3.25,53257.987,2011
Norway,45.0,80115.693,2011
New Zealand,5.1,28270.425,2011
Pakistan,205.13,1108.978,2011
Peru,10.0,4279.172,2011
Philippines,118.0,1923.674,2011
Poland,8.63,11532.283,2011
Portugal,2.9,23126.066,2011
Russia,75.0,9160.112,2011
Saudi Arabia,10.0,18836.967,2011
Singapore,4.41,38926.813,2011
Sweden,48.4,46496.896,2011
Thailand,70.0,4213.097,2011
Turkey,6.5,8978.828,2011
Taiwan,75.0,16904.543,2011
Ukraine,16.5,2557.279,2011
Uruguay,90.0,10232.122,2011
United States,3.64,47102.428,2011
Venezuela,28.0,9557.55,2011
South Africa,19.45,6538.166,2011
UAE,12.0,36324.592,2012
Argentina,20.0,10412.974,2012
Australia,4.8,56587.694,2012
Austria,3.09,46955.173,2012
Belgium,3.7,44448.17,2012
Brazil,10.25,11341.268,2012
Canada,4.73,47625.742,2012
Switzerland,6.5,76847.27,2012
Chile,2050.0,12723.064,2012
China,15.4,4499.803,2012
Colombia,8400.0,6498.573,2012
Costa Rica,2050.0,8268.859,2012
Czech Republic,70.22,20184.18,2012
Germany,3.53,43233.452,2012
Denmark,31.5,58240.45,2012
Egypt,15.5,2922.796,2012
Spain,3.5,30693.281,2012
Estonia,2.04,14697.472,2012
Euro area,3.49245637,38852.5168706903,2012
Finland,3.75,46647.994,2012
France,3.6,42195.192,2012
Britain,2.49,39641.869,2012
Greece,3.3,26743.4,2012
Hong Kong,16.5,32421.361,2012
Hungary,645.0,13199.056,2012
Indonesia,22534.0,3177.453,2012
India,84.0,1350.634,2012
Ireland,3.8,48636.309,2012
Israel,15.9,31450.574,2012
Italy,3.5,35963.743,2012
Japan,320.0,45135.796,2012
South Korea,3700.0,24069.073,2012
Sri Lanka,290.0,2894.26,2012
Mexico,37.0,9632.818,2012
Malaysia,7.35,9046.978,2012
Netherlands,3.25,51472.808,2012
Norway,41.0,87823.805,2012
New Zealand,5.1,33393.032,2012
Pakistan,260.0,1137.985,2012
Peru,10.0,5200.933,2012
Philippines,118.0,2237.157,2012
Poland,9.1,12510.805,2012
Portugal,2.9,22539.038,2012
Russia,81.0,11432.428,2012
Saudi Arabia,10.0,22028.379,2012
Singapore,4.85,47236.672,2012
Sweden,41.0,52333.874,2012
Thailand,78.0,5077.257,2012
Turkey,6.6,10545.466,2012
Taiwan,75.0,19181.358,2012
Ukraine,17.0,2982.814,2012
Uruguay,90.0,12943.943,2012
United States,3.81,48586.288,2012
Venezuela,30.0,11158.18,2012
South Africa,19.95,8118.173,2012
UAE,12.0,36324.592,2012
Argentina,19.0,10412.974,2012
Australia,4.56,56587.694,2012
Austria,3.19,46955.173,2012
Belgium,3.8,44448.17,2012
Brazil,10.08,11341.268,2012
Canada,5.12,47625.742,2012
Switzerland,6.5,76847.27,2012
Chile,2050.0,12723.064,2012
China,15.65,4499.803,2012
Colombia,8600.0,6498.573,2012
Czech Republic,70.33,20184.18,2012
Germany,3.64,43233.452,2012
Denmark,28.5,58240.45,2012
Egypt,16.0,2922.796,2012
Spain,3.5,30693.281,2012
Estonia,2.04,14697.472,2012
Euro area,3.583482241,38852.5168706903,2012
Finland,3.75,46647.994,2012
France,3.6,42195.192,2012
Britain,2.69,39641.869,2012
Greece,2.683,26743.4,2012
Hong Kong,16.5,32421.361,2012
Hungary,830.0,13199.056,2012
Indonesia,24200.0,3177.453,2012
India,89.0,1350.634,2012
Ireland,3.49,48636.309,2012
Israel,11.9,31450.574,2012
Italy,3.6,35963.743,2012
Japan,320.0,45135.796,2012
South Korea,3700.0,24069.073,2012
Sri Lanka,290.0,2894.26,2012
Mexico,37.0,9632.818,2012
Malaysia,7.4,9046.978,2012
Netherlands,3.38,51472.808,2012
Norway,43.0,87823.805,2012
New Zealand,5.1,33393.032,2012
Pakistan,285.0,1137.985,2012
Philippines,118.0,2237.157,2012
Poland,9.1,12510.805,2012
Portugal,4.95,22539.038,2012
Russia,75.0,11432.428,2012
Saudi Arabia,10.0,22028.379,2012
Singapore,4.4,47236.672,2012
Sweden,39.97301987,52333.874,2012
Thailand,82.0,5077.257,2012
Turkey,8.25,10545.466,2012
Taiwan,75.0,19181.358,2012
Ukraine,15.0,2982.814,2012
Uruguay,99.0,12943.943,2012
United States,3.96,48586.288,2012
Venezuela,34.0,11158.18,2012
South Africa,19.95,8118.173,2012
UAE,12.0,42986.879,2013
Argentina,19.0,12787.806,2013
Australia,4.7,67293.136,2013
Austria,3.39,51452.276,2013
Belgium,3.8,47564.381,2013
Brazil,11.25,13326.088,2013
Canada,5.41,52285.815,2013
Switzerland,6.5,90952.845,2013
Chile,2050.0,14560.249,2013
China,16.0,5553.242,2013
Colombia,8600.0,7518.304,2013
Costa Rica,2200.0,9270.571,2013
Czech Republic,70.33,22068.782,2013
Germany,3.64,47637.891,2013
Denmark,28.5,61920.301,2013
Egypt,16.0,3077.343,2013
Spain,3.5,31823.406,2013
Estonia,2.7,17552.466,2013
Euro area,3.594849572,41655.8599616759,2013
Finland,3.75,51174.768,2013
France,3.6,45503.206,2013
Britain,2.69,42106.64,2013
Greece,3.3,25437.036,2013
Hong Kong,17.0,34955.147,2013
Hungary,830.0,14214.126,2013
Indonesia,27939.0,3690.097,2013
India,89.0,1449.604,2013
Ireland,3.49,52631.463,2013
Israel,14.9,34534.693,2013
Italy,3.85,38475.823,2013
Japan,320.0,48760.915,2013
South Korea,3700.0,26177.945,2013
Sri Lanka,350.0,3320.074,2013
Mexico,37.0,10554.35,2013
Malaysia,7.95,10397.902,2013
Netherlands,3.45,54814.546,2013
Norway,43.0,100815.931,2013
New Zealand,5.2,38061.507,2013
Pakistan,290.0,1301.736,2013
Peru,10.0,5928.493,2013
Philippines,118.0,2473.249,2013
Poland,9.1,13776.572,2013
Portugal,2.95,23213.214,2013
Russia,72.88,14310.233,2013
Saudi Arabia,11.0,26966.305,2013
Singapore,4.5,53891.462,2013
Sweden,40.55930138,60165.568,2013
Thailand,87.0,5492.981,2013
Turkey,8.45,11213.588,2013
Taiwan,75.0,20838.589,2013
Ukraine,19.0,3587.405,2013
Uruguay,105.0,15341.308,2013
United States,4.03,50008.108,2013
Venezuela,39.0,10934.275,2013
South Africa,20.9,8784.648,2013
UAE,12.0,42986.879,2013
Argentina,21.0,12787.806,2013
Australia,5.035,67293.136,2013
Austria,3.39,51452.276,2013
Belgium,3.7,47564.381,2013
Brazil,12.0,13326.088,2013
Canada,5.53,52285.815,2013
Switzerland,6.5,90952.845,2013
Chile,2000.0,14560.249,2013
China,16.0,5553.242,2013
Colombia,8600.0,7518.304,2013
Costa Rica,2150.0,9270.571,2013
Czech Republic,70.45,22068.782,2013
Germany,3.64,47637.891,2013
Denmark,28.5,61920.301,2013
Egypt,16.75,3077.343,2013
Spain,3.5,31823.406,2013
Estonia,2.75,17552.466,2013
Euro area,3.623870489,41655.8599616759,2013
Finland,4.1,51174.768,2013
France,3.9,45503.206,2013
Britain,2.69,42106.64,2013
Greece,2.6,25437.036,2013
Hong Kong,17.0,34955.147,2013
Hungary,860.0,14214.126,2013
Indonesia,27939.0,3690.097,2013
India,90.0,1449.604,2013
Ireland,3.46,52631.463,2013
Israel,17.5,34534.693,2013
Italy,3.75,38475.823,2013
Japan,320.0,48760.915,2013
South Korea,3900.0,26177.945,2013
Sri Lanka,370.0,3320.074,2013
Mexico,37.0,10554.35,2013
Malaysia,7.3,10397.902,2013
Netherlands,3.45,54814.546,2013
Norway,46.0,100815.931,2013
New Zealand,5.5,38061.507,2013
Pakistan,300.0,1301.736,2013
Peru,10.0,5928.493,2013
Philippines,115.21,2473.249,2013
Poland,9.2,13776.572,2013
Portugal,2.95,23213.214,2013
Russia,87.0,14310.233,2013
Saudi Arabia,10.0,26966.305,2013
Singapore,4.7,53891.462,2013
Sweden,41.61,60165.568,2013
Thailand,89.0,5492.981,2013
Turkey,8.5,11213.588,2013
Taiwan,79.0,20838.589,2013
Ukraine,19.0,3587.405,2013
Uruguay,105.0,15341.308,2013
United States,4.18,50008.108,2013
Venezuela,45.0,10934.275,2013
South Africa,22.5,8784.648,2013
UAE,12.0,45108.027,2014
Argentina,21.0,13889.792,2014
Australia,5.05,68489.256,2014
Austria,3.39,48616.903,2014
Belgium,3.95,44824.163,2014
Brazil,12.4,12465.45,2014
Canada,5.54,52745.057,2014
Switzerland,6.5,86303.678,2014
Chile,2000.0,15316.01,2014
China,16.6,6282.709,2014
Colombia,8600.0,8237.293,2014
Costa Rica,2150.0,10107.452,2014
Czech Republic,70.45,20024.209,2014
Germany,3.67,44763.54,2014
Denmark,28.5,58559.563,2014
Egypt,16.93,3569.482,2014
Spain,3.65,28478.514,2014
Estonia,2.8,17579.346,2014
Euro area,3.657962724,38500.5195989061,2014
Finland,4.1,47693.7,2014
France,3.8,42361.583,2014
Britain,2.79,42501.709,2014
Greece,3.05,21844.999,2014
Hong Kong,18.0,36623.745,2014
Hungary,860.0,12969.621,2014
Indonesia,27939.0,3739.917,2014
India,95.0,1434.018,2014
Ireland,3.46,49386.473,2014
Israel,17.5,33335.422,2014
Italy,3.85,34926.415,2014
Japan,310.0,49175.035,2014
South Korea,3700.0,26600.549,2014
Sri Lanka,350.0,3446.355,2014
Lithuania,8.8,14354.659,2014
Mexico,37.0,10631.077,2014
Malaysia,7.4,10806.823,2014
Netherlands,3.45,50580.212,2014
Norway,48.0,101779.186,2014
New Zealand,5.5,39683.612,2014
Pakistan,320.0,1377.776,2014
Peru,10.0,6638.829,2014
Philippines,135.0,2721.252,2014
Poland,9.2,13010.54,2014
Portugal,3.0,20576.747,2014
Russia,89.0,15284.673,2014
Saudi Arabia,11.0,28348.563,2014
Singapore,4.6,55547.546,2014
Sweden,40.7,57529.127,2014
Thailand,96.0,5860.884,2014
Turkey,8.5,11605.389,2014
Taiwan,79.0,21256.361,2014
Ukraine,19.0,3874.152,2014
Uruguay,105.0,16325.41,2014
United States,4.24,51736.738,2014
Venezuela,45.0,12688.11,2014
South Africa,23.5,8185.718,2014
UAE,13.0,45108.027,2014
Argentina,21.0,13889.792,2014
Australia,5.1,68489.256,2014
Austria,3.39,48616.903,2014
Belgium,3.7,44824.163,2014
Brazil,13.0,12465.45,2014
Canada,5.64,52745.057,2014
Switzerland,6.16,86303.678,2014
Chile,2100.0,15316.01,2014
China,16.9,6282.709,2014
Colombia,8600.0,8237.293,2014
Costa Rica,2150.0,10107.452,2014
Czech Republic,70.45,20024.209,2014
Germany,3.67,44763.54,2014
Denmark,28.5,58559.563,2014
Egypt,16.93,3569.482,2014
Spain,3.65,28478.514,2014
Estonia,2.9,17579.346,2014
Euro area,3.67923829,38500.5195989061,2014
Finland,4.1,47693.7,2014
France,3.9,42361.583,2014
Britain,2.89,42501.709,2014
Greece,3.05,21844.999,2014
Hong Kong,18.8,36623.745,2014
Hungary,860.0,12969.621,2014
Indonesia,27939.0,3739.917,2014
India,105.0,1434.018,2014
Ireland,3.49,49386.473,2014
Israel,17.5,33335.422,2014
Italy,3.85,34926.415,2014
Japan,370.0,49175.035,2014
South Korea,4100.0,26600.549,2014
Sri Lanka,350.0,3446.355,2014
Lithuania,8.95,14354.659,2014
Mexico,42.0,10631.077,2014
Malaysia,7.63,10806.823,2014
Netherlands,3.45,50580.212,2014
Norway,48.0,101779.186,2014
New Zealand,5.7,39683.612,2014
Pakistan,300.0,1377.776,2014
Peru,10.0,6638.829,2014
Philippines,160.0,2721.252,2014
Poland,9.2,13010.54,2014
Portugal,3.0,20576.747,2014
Russia,89.0,15284.673,2014
Saudi Arabia,11.0,28348.563,2014
Singapore,4.7,55547.546,2014
Sweden,40.7,57529.127,2014
Thailand,99.0,5860.884,2014
Turkey,9.25,11605.389,2014
Taiwan,79.0,21256.361,2014
Ukraine,19.0,3874.152,2014
Uruguay,113.0,16325.41,2014
United States,4.29,51736.738,2014
Venezuela,75.0,12688.11,2014
Vietnam,60000.0,2197.619,2014
South Africa,24.5,8185.718,2014
UAE,13.0,46207.448,2015
Argentina,28.0,14488.829,2015
Australia,5.3,65247.836,2015
Austria,3.39,50747.384,2015
Belgium,3.7,46848.612,2015
Brazil,13.5,12406.559,2015
Canada,5.7,52711.32,2015
Switzerland,6.5,87918.427,2015
Chile,2100.0,15740.391,2015
China,17.2,7039.574,2015
Colombia,7900.0,8409.676,2015
Costa Rica,2150.0,10764.529,2015
Czech Republic,70.45,20256.925,2015
Germany,3.67,47220.321,2015
Denmark,34.5,61512.411,2015
Egypt,16.93,3583.854,2015
Spain,3.65,29236.149,2015
Estonia,2.9,19310.675,2015
Euro area,3.68,40112.6608075404,2015
Finland,4.1,49804.351,2015
France,3.9,44210.568,2015
Britain,2.89,43469.644,2015
Greece,3.05,21712.064,2015
Hong Kong,18.8,38233.352,2015
Hungary,860.0,13693.038,2015
Indonesia,27939.0,3667.435,2015
India,116.25,1438.057,2015
Ireland,3.49,52544.104,2015
Israel,17.5,37048.694,2015
Italy,3.85,35722.542,2015
Japan,370.0,40934.756,2015
South Korea,4100.0,28449.357,2015
Sri Lanka,350.0,3737.366,2015
Mexico,49.0,11099.184,2015
Malaysia,7.63,10851.657,2015
Netherlands,3.45,52680.978,2015
Norway,48.0,103214.973,2015
New Zealand,5.9,42081.344,2015
Pakistan,300.0,1390.648,2015
Peru,10.0,6920.082,2015
Philippines,163.0,2903.189,2015
Poland,9.2,13550.385,2015
Portugal,3.0,21653.505,2015
Russia,89.0,15913.302,2015
Saudi Arabia,11.0,27290.188,2015
Singapore,4.7,56967.426,2015
Sweden,40.7,60563.645,2015
Thailand,99.0,6168.196,2015
Turkey,9.25,12496.576,2015
Taiwan,79.0,21945.46,2015
Ukraine,19.0,4051.42,2015
Uruguay,113.0,18271.525,2015
United States,4.29,53363.904,2015
Venezuela,132.0,8692.955,2015
Vietnam,60000.0,2369.973,2015
South Africa,25.5,7431.908,2015
UAE,13.0,46207.448,2015
Argentina,28.0,14488.829,2015
Australia,5.3,65247.836,2015
Austria,3.39,50747.384,2015
Belgium,3.7,46848.612,2015
Brazil,13.5,12406.559,2015
Canada,5.85,52711.32,2015
Switzerland,6.5,87918.427,2015
Chile,2100.0,15740.391,2015
China,17.0,7039.574,2015
Colombia,7900.0,8409.676,2015
Costa Rica,2150.0,10764.529,2015
Czech Republic,70.0,20256.925,2015
Germany,3.59,47220.321,2015
Denmark,34.59,61512.411,2015
Egypt,16.93,3583.854,2015
Spain,3.65,29236.149,2015
Estonia,2.95,19310.675,2015
Euro area,3.7,40112.6608075404,2015
Finland,4.1,49804.351,2015
France,4.1,44210.568,2015
Britain,2.89,43469.644,2015
Greece,3.05,21712.064,2015
Hong Kong,19.2,38233.352,2015
Hungary,900.0,13693.038,2015
Indonesia,30500.0,3667.435,2015
India,116.25,1438.057,2015
Ireland,3.7,52544.104,2015
Israel,17.5,37048.694,2015
Italy,4.0,35722.542,2015
Japan,370.0,40934.756,2015
South Korea,4300.0,28449.357,2015
Sri Lanka,350.0,3737.366,2015
Mexico,49.0,11099.184,2015
Malaysia,7.65,10851.657,2015
Netherlands,3.45,52680.978,2015
Norway,46.0,103214.973,2015
New Zealand,5.9,42081.344,2015
Pakistan,350.0,1390.648,2015
Peru,10.0,6920.082,2015
Philippines,163.0,2903.189,2015
Poland,9.6,13550.385,2015
Portugal,3.0,21653.505,2015
Russia,107.0,15913.302,2015
Saudi Arabia,12.0,27290.188,2015
Singapore,4.7,56967.426,2015
Sweden,43.7,60563.645,2015
Thailand,108.0,6168.196,2015
Turkey,10.25,12496.576,2015
Taiwan,79.0,21945.46,2015
Ukraine,34.0,4051.42,2015
Uruguay,113.0,18271.525,2015
United States,4.29,53363.904,2015
Venezuela,132.0,8692.955,2015
Vietnam,60000.0,2369.973,2015
South Africa,26.0,7431.908,2015
UAE,13.0,47063.628,2016
Argentina,33.0,13208.831,2016
Australia,5.3,61647.05,2016
Austria,3.5,51814.424,2016
Belgium,3.95,47897.037,2016
Brazil,13.5,12230.669,2016
Canada,5.84,51025.428,2016
Switzerland,6.5,89274.25,2016
Chile,2100.0,14582.85,2016
China,17.6,7645.875,2016
Colombia,7900.0,8312.046,2016
Costa Rica,2150.0,10853.638,2016
Czech Republic,75.0,20063.059,2016
Germany,3.59,48983.25,2016
Denmark,30.0,62700.908,2016
Egypt,16.93,3705.465,2016
Spain,3.5,29719.01,2016
Estonia,3.0,20574.581,2016
Euro area,3.72,40856.7780244374,2016
Finland,4.1,50180.785,2016
France,4.1,44698.808,2016
Britain,2.89,47468.211,2016
Greece,3.35,21554.224,2016
Hong Kong,19.2,40185.303,2016
Hungary,900.0,14279.016,2016
Indonesia,30500.0,3532.669,2016
India,127.0,1559.864,2016
Ireland,3.95,57175.016,2016
Israel,16.9,38360.49,2016
Italy,4.0,36022.586,2016
Japan,370.0,38522.771,2016
South Korea,4300.0,30667.091,2016
Sri Lanka,350.0,3969.713,2016
Mexico,49.0,11272.395,2016
Malaysia,8.0,11165.249,2016
Netherlands,3.45,53584.489,2016
Norway,46.8,97302.705,2016
New Zealand,5.9,44284.679,2016
Pakistan,300.0,1423.889,2016
Peru,10.0,6880.901,2016
Philippines,131.0,2995.504,2016
Poland,9.6,14183.116,2016
Portugal,3.0,22109.403,2016
Russia,114.0,13984.474,2016
Saudi Arabia,12.0,27079.673,2016
Singapore,4.7,57564.802,2016
Sweden,45.0,59270.463,2016
Thailand,112.0,5952.033,2016
Turkey,10.25,12097.461,2016
Taiwan,69.0,22844.316,2016
Ukraine,36.0,3119.576,2016
Uruguay,113.0,18109.936,2016
United States,4.29,55263.817,2016
Venezuela,132.0,7107.443,2016
Vietnam,60000.0,2566.854,2016
South Africa,28.0,6952.314,2016
UAE,13.0,47063.628,2016
Argentina,50.0,13208.831,2016
Australia,5.75,61647.05,2016
Austria,3.6,51814.424,2016
Belgium,3.95,47897.037,2016
Brazil,15.5,12230.669,2016
Canada,6.0,51025.428,2016
Switzerland,6.5,89274.25,2016
Chile,2300.0,14582.85,2016
China,18.6,7645.875,2016
Colombia,8900.0,8312.046,2016
Costa Rica,2250.0,10853.638,2016
Czech Republic,75.0,20063.059,2016
Germany,3.79,48983.25,2016
Denmark,30.0,62700.908,2016
Egypt,23.0,3705.465,2016
Spain,3.5,29719.01,2016
Estonia,3.1,20574.581,2016
Euro area,3.82,40856.7780244374,2016
Finland,4.6,50180.785,2016
France,4.1,44698.808,2016
Britain,2.99,47468.211,2016
Greece,3.35,21554.224,2016
Hong Kong,19.2,40185.303,2016
Hungary,900.0,14279.016,2016
Indonesia,31000.0,3532.669,2016
India,162.0,1559.864,2016
Ireland,4.0,57175.016,2016
Israel,16.9,38360.49,2016
Italy,4.2,36022.586,2016
Japan,370.0,38522.771,2016
South Korea,4400.0,30667.091,2016
Sri Lanka,530.0,3969.713,2016
Mexico,44.0,11272.395,2016
Malaysia,8.0,11165.249,2016
Netherlands,3.45,53584.489,2016
Norway,46.8,97302.705,2016
New Zealand,6.0,44284.679,2016
Pakistan,375.0,1423.889,2016
Peru,10.0,6880.901,2016
Philippines,133.0,2995.504,2016
Poland,9.6,14183.116,2016
Portugal,3.05,22109.403,2016
Russia,130.0,13984.474,2016
Saudi Arabia,12.0,27079.673,2016
Singapore,5.45,57564.802,2016
Sweden,44.94,59270.463,2016
Thailand,119.0,5952.033,2016
Turkey,10.75,12097.461,2016
Taiwan,69.0,22844.316,2016
Ukraine,39.0,3119.576,2016
Uruguay,123.0,18109.936,2016
United States,4.5,55263.817,2016
Venezuela,2170.0,7107.443,2016
Vietnam,60000.0,2566.854,2016
South Africa,30.0,6952.314,2016
UAE,13.0,41422.602,2017
Argentina,55.0,14895.316,2017
Australia,5.8,51468.795,2017
Austria,3.4,44267.809,2017
Belgium,3.95,41147.261,2017
Brazil,16.5,8893.346,2017
Canada,5.98,43628.425,2017
Switzerland,6.5,84224.924,2017
Chile,2450.0,13494.489,2017
China,19.6,8034.287,2017
Colombia,9900.0,6337.03,2017
Costa Rica,2250.0,11635.197,2017
Czech Republic,75.0,17944.844,2017
Germany,3.79,41914.927,2017
Denmark,30.0,53316.984,2017
Egypt,27.49,3933.927,2017
Spain,3.95,25991.877,2017
Estonia,3.1,17723.954,2017
Euro area,3.88,35030.909355743,2017
Finland,4.55,42625.16,2017
France,4.1,37989.114,2017
Britain,3.09,44978.619,2017
Greece,3.35,18023.859,2017
Hong Kong,19.2,42325.352,2017
Hungary,900.0,12700.301,2017
Indonesia,31000.0,3373.489,2017
India,170.0,1590.174,2017
Ireland,4.0,64154.49,2017
Israel,16.9,36227.752,2017
Italy,4.2,30609.522,2017
Japan,380.0,35005.662,2017
South Korea,4400.0,30171.791,2017
Sri Lanka,550.0,4057.742,2017
Mexico,49.0,9915.089,2017
Malaysia,8.0,9663.122,2017
Netherlands,3.61,45904.668,2017
Norway,49.0,74568.136,2017
New Zealand,6.0,38224.631,2017
Pakistan,375.0,1535.348,2017
Peru,11.0,6436.053,2017
Philippines,133.0,3039.234,2017
Poland,9.6,12545.188,2017
Portugal,3.05,19252.053,2017
Russia,130.0,9231.599,2017
Saudi Arabia,12.0,22453.58,2017
Singapore,5.6,55645.607,2017
Sweden,48.0,50928.576,2017
Thailand,119.0,5838.399,2017
Turkey,10.75,11011.472,2017
Taiwan,69.0,22752.991,2017
Ukraine,42.0,2134.773,2017
Uruguay,125.0,16791.911,2017
United States,4.5,57006.926,2017
Venezuela,3550.0,4096.971,2017
Vietnam,60000.0,2581.907,2017
South Africa,26.32,6222.526,2017
UAE,14.0,41422.602,2017
Argentina,70.0,14895.316,2017
Australia,5.9,51468.795,2017
Austria,3.4,44267.809,2017
Belgium,4.05,41147.261,2017
Brazil,16.5,8893.346,2017
Canada,5.97,43628.425,2017
Switzerland,6.5,84224.924,2017
Chile,2550.0,13494.489,2017
China,19.8,8034.287,2017
Colombia,9900.0,6337.03,2017
Costa Rica,2290.0,11635.197,2017
Czech Republic,75.0,17944.844,2017
Germany,3.9,41914.927,2017
Denmark,30.0,53316.984,2017
Egypt,31.37,3933.927,2017
Spain,3.8,25991.877,2017
Estonia,3.15,17723.954,2017
Euro area,3.91,35030.909355743,2017
Finland,4.56,42625.16,2017
France,4.1,37989.114,2017
Britain,3.19,44978.619,2017
Greece,3.35,18023.859,2017
Hong Kong,19.2,42325.352,2017
Hungary,862.0,12700.301,2017
Indonesia,32126.0,3373.489,2017
India,178.0,1590.174,2017
Ireland,4.07,64154.49,2017
Israel,16.9,36227.752,2017
Italy,4.2,30609.522,2017
Japan,380.0,35005.662,2017
South Korea,4400.0,30171.791,2017
Sri Lanka,580.0,4057.742,2017
Mexico,49.0,9915.089,2017
Malaysia,8.6,9663.122,2017
Netherlands,3.61,45904.668,2017
Norway,49.0,74568.136,2017
New Zealand,6.1,38224.631,2017
Pakistan,375.0,1535.348,2017
Peru,10.5,6436.053,2017
Philippines,134.0,3039.234,2017
Poland,10.1,12545.188,2017
Portugal,3.25,19252.053,2017
Russia,137.0,9231.599,2017
Saudi Arabia,12.0,22453.58,2017
Singapore,5.6,55645.607,2017
Sweden,48.97,50928.576,2017
Thailand,119.0,5838.399,2017
Turkey,10.75,11011.472,2017
Taiwan,69.0,22752.991,2017
Ukraine,44.0,2134.773,2017
Uruguay,130.0,16791.911,2017
United States,4.5,57006.926,2017
Venezuela,10950.0,4096.971,2017
Vietnam,60000.0,2581.907,2017
South Africa,30.0,6222.526,2017
UAE,14.0,40483.337,2018
Argentina,75.0,12772.868,2018
Australia,5.9,51821.355,2018
Austria,3.4,45278.829,2018
Belgium,4.1,42076.398,2018
Brazil,16.5,8812.503,2018
Canada,6.55,42382.499,2018
Switzerland,6.5,82589.322,2018
Chile,2600.0,13722.878,2018
China,20.4,8063.446,2018
Colombia,10900.0,6037.14,2018
Costa Rica,2290.0,11986.918,2018
Czech Republic,79.0,18731.83,2018
Germany,3.9,42949.139,2018
Denmark,30.0,54699.182,2018
Egypt,34.21,3862.011,2018
Spain,3.95,26752.982,2018
Estonia,3.15,18661.231,2018
Euro area,3.95,35788.2563226977,2018
Finland,4.56,43502.557,2018
France,4.2,38308.857,2018
Britain,3.19,41114.514,2018
Greece,3.35,17906.1,2018
Hong Kong,20.5,43488.204,2018
Hungary,864.0,13083.4,2018
Indonesia,35750.0,3604.99,2018
India,180.0,1714.28,2018
Ireland,4.07,63933.791,2018
Israel,16.5,37683.096,2018
Italy,4.2,31357.601,2018
Japan,380.0,39411.424,2018
South Korea,4400.0,30825.524,2018
Sri Lanka,580.0,4150.367,2018
Mexico,48.0,8999.57,2018
Malaysia,9.0,9523.316,2018
Netherlands,3.71,46936.707,2018
Norway,49.0,70629.25,2018
New Zealand,6.2,39415.045,2018
Pakistan,375.0,1566.625,2018
Peru,10.5,6453.923,2018
Philippines,134.0,3107.646,2018
Poland,10.1,12369.893,2018
Portugal,3.2,19986.459,2018
Russia,130.0,8689.368,2018
Saudi Arabia,12.0,21515.651,2018
Singapore,5.8,56899.903,2018
Sweden,49.1,51446.757,2018
Thailand,119.0,5994.949,2018
Turkey,10.75,10890.235,2018
Taiwan,69.0,23070.733,2018
Ukraine,47.0,2200.851,2018
Uruguay,140.0,16544.81,2018
United States,4.61,58179.697,2018
Venezuela,0.0,3676.384,2018
Vietnam,65000.0,2720.168,2018
South Africa,30.0,5721.189,2018
United Arab Emirates,14.0,40483.337,2018
Argentina,75.0,12772.868,2018
Australia,6.05,51821.355,2018
Austria,3.4,45278.829,2018
Azerbaijan,3.95,3897.788,2018
Belgium,4.1,42076.398,2018
Bahrain,1.2,23800.001,2018
Brazil,16.9,8812.503,2018
Canada,6.65,42382.499,2018
Switzerland,6.5,82589.322,2018
Chile,2640.0,13722.878,2018
China,20.5,8063.446,2018
Colombia,11900.0,6037.14,2018
Costa Rica,2290.0,11986.918,2018
Czech Republic,75.0,18731.83,2018
Germany,4.12,42949.139,2018
Denmark,30.0,54699.182,2018
Egypt,31.37,3862.011,2018
Spain,4.1,26752.982,2018
Estonia,3.15,18661.231,2018
Euro area,4.04,35788.2563226977,2018
Finland,4.62,43502.557,2018
France,4.2,38308.857,2018
Britain,3.19,41114.514,2018
Greece,3.35,17906.1,2018
Guatemala,25.0,4172.065,2018
Hong Kong,20.0,43488.204,2018
Honduras,85.0,2325.495,2018
Croatia,21.0,12632.022,2018
Hungary,850.0,13083.4,2018
Indonesia,31500.0,3604.99,2018
India,173.0,1714.28,2018
Ireland,4.07,63933.791,2018
Israel,17.0,37683.096,2018
Italy,4.2,31357.601,2018
Jordan,1.95,4009.059,2018
Japan,390.0,39411.424,2018
South Korea,4500.0,30825.524,2018
Kuwait,1.05,26795.706,2018
Lebanon,6500.0,8172.768,2018
Sri Lanka,580.0,4150.367,2018
Lithuania,2.8,15012.141,2018
Latvia,2.7,14259.249,2018
Moldova,43.0,2857.879,2018
Mexico,49.0,8999.57,2018
Malaysia,8.45,9523.316,2018
Nicaragua,103.0,2091.463,2018
Netherlands,3.79,46936.707,2018
Norway,42.0,70629.25,2018
New Zealand,6.2,39415.045,2018
Oman,1.05,17020.387,2018
Pakistan,375.0,1566.625,2018
Peru,10.5,6453.923,2018
Philippines,140.0,3107.646,2018
Poland,10.1,12369.893,2018
Portugal,3.25,19986.459,2018
Qatar,12.0,57965.377,2018
Romania,9.2,9378.957,2018
Russia,130.0,8689.368,2018
Saudi Arabia,12.0,21515.651,2018
Singapore,5.8,56899.903,2018
Slovakia,3.0,16572.743,2018
Slovenia,2.3,21450.814,2018
Sweden,51.0,51446.757,2018
Thailand,119.0,5994.949,2018
Turkey,10.75,10890.235,2018
Taiwan,69.0,23070.733,2018
Ukraine,50.0,2200.851,2018
Uruguay,140.0,16544.81,2018
United States,4.62,58179.697,2018
Vietnam,65000.0,2720.168,2018
South Africa,31.0,5721.189,2018
United Arab Emirates,14.0,41971.753,2019
Argentina,75.0,14618.327,2019
Australia,6.1,55845.011,2019
Austria,3.76,47320.537,2019
Azerbaijan,3.95,4217.653,2019
Belgium,4.2,44274.073,2019
Bahrain,1.2,24784.769,2019
Brazil,16.9,10055.567,2019
Canada,6.77,45192.368,2019
Switzerland,6.5,82601.498,2019
Chile,2640.0,15003.77,2019
China,20.9,8760.259,2019
Colombia,11900.0,6577.28,2019
Costa Rica,2290.0,12185.259,2019
Czech Republic,85.0,20882.415,2019
Germany,4.12,45510.535,2019
Denmark,30.0,57683.746,2019
Egypt,40.0,2592.707,2019
Spain,3.95,28394.717,2019
Estonia,3.2,20844.174,2019
Euro area,4.05,37815.2934634066,2019
Finland,4.62,46109.916,2019
France,4.2,40036.974,2019
Britain,3.19,40617.562,2019
Greece,3.35,18552.223,2019
Guatemala,25.0,4452.202,2019
Hong Kong,20.0,46025.665,2019
Honduras,85.0,2435.621,2019
Croatia,21.0,13648.851,2019
Hungary,850.0,14606.266,2019
Indonesia,33000.0,3885.967,2019
India,178.0,1957.97,2019
Ireland,4.07,71869.279,2019
Israel,17.0,41156.216,2019
Italy,4.2,32797.298,2019
Jordan,1.95,4078.871,2019
Japan,390.0,38903.298,2019
South Korea,4500.0,33296.984,2019
Kuwait,1.05,28552.15,2019
Lebanon,6500.0,8680.307,2019
Sri Lanka,580.0,4401.055,2019
Lithuania,2.85,16866.728,2019
Latvia,2.8,15626.275,2019
Moldova,40.0,3422.643,2019
Mexico,49.0,9542.783,2019
Malaysia,9.05,9965.123,2019
Nicaragua,103.0,2147.856,2019
Netherlands,4.0,49640.48,2019
Norway,50.0,75940.175,2019
New Zealand,6.2,42289.966,2019
Oman,1.05,17731.849,2019
Pakistan,460.0,1653.406,2019
Peru,10.5,6992.244,2019
Philippines,140.0,3153.314,2019
Poland,10.5,13819.834,2019
Portugal,3.25,21482.834,2019
Qatar,12.0,59127.513,2019
Romania,9.3,10717.263,2019
Russia,110.17,10665.247,2019
Saudi Arabia,12.0,23081.196,2019
Singapore,5.8,61162.097,2019
Slovakia,3.2,17591.553,2019
Slovenia,2.3,23300.425,2019
Sweden,52.0,52971.455,2019
Thailand,119.0,6593.517,2019
Turkey,10.75,10629.988,2019
Taiwan,69.0,25061.624,2019
Ukraine,54.0,2654.483,2019
Uruguay,140.0,18626.981,2019
United States,4.71,60292.978,2019
Vietnam,65000.0,2957.899,2019
South Africa,31.0,6647.093,2019
United Arab Emirates,14.75,41971.753,2019
Argentina,120.0,14618.327,2019
Australia,6.15,55845.011,2019
Austria,3.81,47320.537,2019
Azerbaijan,3.95,4217.653,2019
Belgium,4.2,44274.073,2019
Bahrain,1.4,24784.769,2019
Brazil,17.5,10055.567,2019
Canada,6.77,45192.368,2019
Switzerland,6.5,82601.498,2019
Chile,2640.0,15003.77,2019
China,21.0,8760.259,2019
Colombia,11900.0,6577.28,2019
Costa Rica,2290.0,12185.259,2019
Czech Republic,85.0,20882.415,2019
Germany,4.14,45510.535,2019
Denmark,30.0,57683.746,2019
Egypt,42.0,2592.707,2019
Spain,3.95,28394.717,2019
Estonia,3.2,20844.174,2019
Euro area,4.08,37815.2934634066,2019
Finland,4.75,46109.916,2019
France,4.2,40036.974,2019
Britain,3.29,40617.562,2019
Greece,3.3,18552.223,2019
Guatemala,25.0,4452.202,2019
Hong Kong,20.5,46025.665,2019
Honduras,86.0,2435.621,2019
Croatia,22.0,13648.851,2019
Hungary,900.0,14606.266,2019
Indonesia,32000.0,3885.967,2019
India,183.0,1957.97,2019
Ireland,4.3,71869.279,2019
Israel,17.0,41156.216,2019
Italy,4.3,32797.298,2019
Jordan,2.3,4078.871,2019
Japan,390.0,38903.298,2019
South Korea,4500.0,33296.984,2019
Kuwait,1.1,28552.15,2019
Lebanon,6500.0,8680.307,2019
Sri Lanka,640.0,4401.055,2019
Lithuania,2.85,16866.728,2019
Latvia,2.85,15626.275,2019
Moldova,43.0,3422.643,2019
Mexico,50.0,9542.783,2019
Malaysia,8.85,9965.123,2019
Nicaragua,110.0,2147.856,2019
Netherlands,4.06,49640.48,2019
Norway,42.0,75940.175,2019
New Zealand,6.4,42289.966,2019
Oman,1.21,17731.849,2019
Pakistan,480.0,1653.406,2019
Peru,10.5,6992.244,2019
Philippines,142.0,3153.314,2019
Poland,10.8,13819.834,2019
Portugal,3.25,21482.834,2019
Qatar,13.0,59127.513,2019
Romania,9.3,10717.263,2019
Russia,130.0,10665.247,2019
Saudi Arabia,13.0,23081.196,2019
Singapore,5.8,61162.097,2019
Slovakia,3.2,17591.553,2019
Slovenia,2.4,23300.425,2019
Sweden,51.0,52971.455,2019
Thailand,119.0,6593.517,2019
Turkey,13.99,10629.988,2019
Taiwan,72.0,25061.624,2019
Ukraine,57.0,2654.483,2019
Uruguay,164.0,18626.981,2019
United States,4.71,60292.978,2019
Vietnam,65000.0,2957.899,2019
South Africa,31.0,6647.093,2019
United Arab Emirates,14.75,45591.68,2020
Argentina,171.0,11786.433,2020
Australia,6.45,56441.271,2020
Austria,3.84,51234.477,2020
Azerbaijan,3.95,4759.796,2020
Belgium,4.3,47685.347,2020
Bahrain,1.4,26324.407,2020
Brazil,19.9,9281.668,2020
Canada,6.77,46617.97,2020
Switzerland,6.5,85561.001,2020
Chile,2640.0,15755.003,2020
China,21.5,9848.949,2020
Colombia,11900.0,6923.64,2020
Costa Rica,2350.0,12428.924,2020
Czech Republic,85.0,23661.699,2020
Germany,4.14,48897.189,2020
Denmark,30.0,61456.783,2020
Egypt,42.0,2710.158,2020
Spain,4.2,30651.153,2020
Estonia,3.2,23628.862,2020
Euro area,4.12,40769.1485908219,2020
Finland,4.83,49698.347,2020
France,4.2,42915.865,2020
Britain,3.39,43275.096,2020
Greece,3.3,19750.71,2020
Guatemala,25.0,4485.926,2020
Hong Kong,20.5,48310.038,2020
Honduras,87.0,2489.849,2020
Croatia,22.0,15138.564,2020
Hungary,900.0,16421.113,2020
Indonesia,33000.0,3945.583,2020
India,188.0,1974.378,2020
Ireland,4.2,80411.864,2020
Israel,17.0,42379.785,2020
Italy,4.3,35042.793,2020
Jordan,2.3,4152.265,2020
Japan,390.0,39850.331,2020
South Korea,4500.0,35363.952,2020
Kuwait,1.1,31369.182,2020
Lebanon,6500.0,9225.506,2020
Sri Lanka,580.0,4360.149,2020
Lithuania,2.85,19195.354,2020
Latvia,2.85,17806.56,2020
Moldova,45.0,4121.047,2020
Mexico,50.0,9970.967,2020
Malaysia,9.5,11079.617,2020
Nicaragua,120.0,2008.404,2020
Netherlands,4.09,54138.331,2020
Norway,53.0,82605.919,2020
New Zealand,6.5,42757.406,2020
Oman,1.155,19885.271,2020
Pakistan,520.0,1698.034,2020
Peru,11.9,7210.677,2020
Philippines,142.0,3279.519,2020
Poland,11.0,15504.366,2020
Portugal,3.25,23573.253,2020
Qatar,13.0,66421.617,2020
Romania,9.5,12465.699,2020
Russia,135.0,11182.629,2020
Saudi Arabia,13.0,28036.026,2020
Singapore,5.9,66840.654,2020
Slovakia,3.4,19508.308,2020
Slovenia,2.4,25987.659,2020
Sweden,51.5,53890.765,2020
Thailand,115.0,7296.037,2020
Turkey,12.99,9727.66,2020
Taiwan,72.0,25825.566,2020
Ukraine,57.0,3119.301,2020
Uruguay,179.0,18645.281,2020
United States,4.82,63165.278,2020
Vietnam,66000.0,3216.254,2020
South Africa,31.0,6956.41,2020
United Arab Emirates,14.75,45591.68,2020
Argentina,250.0,11786.433,2020
Australia,6.55,56441.271,2020
Austria,3.86,51234.477,2020
Azerbaijan,3.95,4759.796,2020
Belgium,4.35,47685.347,2020
Bahrain,1.4,26324.407,2020
Brazil,20.9,9281.668,2020
Canada,6.88,46617.97,2020
Switzerland,6.5,85561.001,2020
Chile,2740.0,15755.003,2020
China,21.7,9848.949,2020
Colombia,11900.0,6923.64,2020
Costa Rica,2350.0,12428.924,2020
Czech Republic,89.0,23661.699,2020
Germany,4.45,48897.189,2020
Denmark,30.0,61456.783,2020
Egypt,42.0,2710.158,2020
Spain,4.1,30651.153,2020
Estonia,3.2,23628.862,2020
Euro area,4.21,40769.1485908219,2020
Finland,4.88,49698.347,2020
France,4.2,42915.865,2020
Britain,3.39,43275.096,2020
Greece,3.3,19750.71,2020
Guatemala,25.0,4485.926,2020
Hong Kong,20.5,48310.038,2020
Honduras,87.0,2489.849,2020
Croatia,22.0,15138.564,2020
Hungary,900.0,16421.113,2020
Indonesia,34000.0,3945.583,2020
India,190.0,1974.378,2020
Ireland,4.3,80411.864,2020
Israel,17.0,42379.785,2020
Italy,4.3,35042.793,2020
Jordan,2.3,4152.265,2020
Japan,390.0,39850.331,2020
South Korea,4500.0,35363.952,2020
Kuwait,1.15,31369.182,2020
Lebanon,9000.0,9225.506,2020
Sri Lanka,680.0,4360.149,2020
Lithuania,2.85,19195.354,2020
Latvia,2.85,17806.56,2020
Moldova,47.0,4121.047,2020
Mexico,50.0,9970.967,2020
Malaysia,9.99,11079.617,2020
Nicaragua,120.0,2008.404,2020
Netherlands,4.09,54138.331,2020
Norway,52.0,82605.919,2020
New Zealand,6.6,42757.406,2020
Oman,1.1,19885.271,2020
Pakistan,550.0,1698.034,2020
Peru,11.9,7210.677,2020
Philippines,142.0,3279.519,2020
Poland,11.0,15504.366,2020
Portugal,3.45,23573.253,2020
Qatar,13.0,66421.617,2020
Romania,9.9,12465.699,2020
Russia,135.0,11182.629,2020
Saudi Arabia,14.0,28036.026,2020
Singapore,5.9,66840.654,2020
Slovakia,3.6,19508.308,2020
Slovenia,2.5,25987.659,2020
Sweden,52.6,53890.765,2020
Thailand,128.0,7296.037,2020
Turkey,13.99,9727.66,2020
Taiwan,72.0,25825.566,2020
Ukraine,59.0,3119.301,2020
Uruguay,189.0,18645.281,2020
United States,4.82,63165.278,2020
Vietnam,66000.0,3216.254,2020
South Africa,31.0,6956.41,2020
United Arab Emirates,14.75,43981.612,2021
Argentina,320.0,9941.59,2021
Australia,6.48,54391.307,2021
Austria,3.88,50192.49,2021
Azerbaijan,3.95,4841.145,2021
Belgium,4.35,46783.103,2021
Bahrain,1.5,27259.744,2021
Brazil,21.9,9010.512,2021
Canada,6.77,46430.975,2021
Switzerland,6.5,84481.041,2021
Chile,2940.0,14551.577,2021
China,22.4,10170.061,2021
Colombia,12950.0,6540.141,2021
Costa Rica,2350.0,12691.127,2021
Czech Republic,89.0,24013.061,2021
Germany,4.46,47629.1,2021
Denmark,30.0,59489.614,2021
Egypt,42.5,3214.301,2021
Spain,4.33,29798.124,2021
Estonia,3.2,24023.899,2021
Euro area,4.25,39807.1220459696,2021
Finland,4.87,48395.834,2021
France,4.2,41831.481,2021
Britain,3.29,42712.614,2021
Greece,3.3,19140.612,2021
Guatemala,25.0,4646.84,2021
Hong Kong,20.5,48277.982,2021
Honduras,87.0,2529.203,2021
Croatia,23.0,15220.474,2021
Hungary,900.0,16782.01,2021
Indonesia,34000.0,4192.768,2021
India,190.0,2050.163,2021
Ireland,4.4,81506.342,2021
Israel,17.0,44297.779,2021
Italy,4.3,33767.005,2021
Jordan,2.3,4165.547,2021
Japan,390.0,40547.967,2021
South Korea,4500.0,33826.944,2021
Kuwait,1.15,31549.877,2021
Lebanon,15500.0,8808.242,2021
Sri Lanka,700.0,4082.694,2021
Lithuania,2.9,19623.637,2021
Latvia,2.85,17828.071,2021
Moldova,50.0,4376.654,2021
Mexico,54.0,10259.746,2021
Malaysia,9.99,11228.293,2021
Nicaragua,124.0,1940.115,2021
Netherlands,4.13,53755.165,2021
Norway,52.0,76303.683,2021
New Zealand,6.8,42273.966,2021
Oman,1.1,19069.329,2021
Pakistan,550.0,1500.683,2021
Peru,11.9,7251.682,2021
Philippines,142.0,3512.195,2021
Poland,13.08,15694.594,2021
Portugal,3.45,23333.408,2021
Qatar,13.0,63007.696,2021
Romania,9.9,12928.148,2021
Russia,135.0,11465.343,2021
Saudi Arabia,14.0,27892.842,2021
Singapore,5.9,66081.704,2021
Slovakia,3.7,19397.274,2021
Slovenia,2.5,25909.807,2021
Sweden,52.88,51528.899,2021
Thailand,128.0,7811.477,2021
Turkey,14.99,9144.221,2021
Taiwan,72.0,25903.168,2021
Ukraine,62.0,3693.498,2021
Uruguay,204.0,17686.109,2021
United States,4.89,65561.32,2021
Vietnam,66000.0,3439.102,2021
South Africa,33.5,6582.757,2021
United Arab Emirates,14.75,43981.612,2021
Argentina,380.0,9941.59,2021
Australia,6.55,54391.307,2021
Austria,3.92,50192.49,2021
Azerbaijan,3.95,4841.145,2021
Belgium,4.45,46783.103,2021
Bahrain,1.5,27259.744,2021
Brazil,22.9,9010.512,2021
Canada,6.77,46430.975,2021
Switzerland,6.5,84481.041,2021
Chile,2990.0,14551.577,2021
China,22.4,10170.061,2021
Colombia,12950.0,6540.141,2021
Costa Rica,2370.0,12691.127,2021
Czech Republic,89.0,24013.061,2021
Germany,4.45,47629.1,2021
Denmark,30.0,59489.614,2021
Egypt,42.5,3214.301,2021
Spain,4.4,29798.124,2021
Estonia,3.2,24023.899,2021
Euro area,4.29,39807.1220459696,2021
Finland,4.89,48395.834,2021
France,4.3,41831.481,2021
Britain,3.49,42712.614,2021
Greece,3.3,19140.612,2021
Guatemala,26.0,4646.84,2021
Hong Kong,21.0,48277.982,2021
Honduras,87.0,2529.203,2021
Croatia,24.0,15220.474,2021
Hungary,908.0,16782.01,2021
Indonesia,34000.0,4192.768,2021
India,190.0,2050.163,2021
Ireland,4.5,81506.342,2021
Israel,17.0,44297.779,2021
Italy,4.3,33767.005,2021
Jordan,2.13,4165.547,2021
Japan,390.0,40547.967,2021
South Korea,4600.0,33826.944,2021
Kuwait,1.25,31549.877,2021
Lebanon,37000.0,8808.242,2021
Sri Lanka,700.0,4082.694,2021
Lithuania,2.9,19623.637,2021
Latvia,2.85,17828.071,2021
Moldova,52.0,4376.654,2021
Mexico,64.0,10259.746,2021
Malaysia,9.99,11228.293,2021
Nicaragua,128.0,1940.115,2021
Netherlands,4.22,53755.165,2021
Norway,57.0,76303.683,2021
New Zealand,6.9,42273.966,2021
Oman,1.15,19069.329,2021
Pakistan,580.0,1500.683,2021
Peru,12.9,7251.682,2021
Philippines,142.0,3512.195,2021
Poland,13.43,15694.594,2021
Portugal,3.45,23333.408,2021
Qatar,13.0,63007.696,2021
Romania,10.6,12928.148,2021
Russia,135.0,11465.343,2021
Saudi Arabia,14.0,27892.842,2021
Singapore,5.9,66081.704,2021
Slovakia,3.7,19397.274,2021
Slovenia,2.6,25909.807,2021
Sweden,54.0,51528.899,2021
Thailand,128.0,7811.477,2021
Turkey,19.99,9144.221,2021
Taiwan,72.0,25903.168,2021
Ukraine,65.0,3693.498,2021
Uruguay,225.0,17686.109,2021
United States,4.93,65561.32,2021
Venezuela,16020000.0,2624.41,2021
Vietnam,69000.0,3439.102,2021
South Africa,33.5,6582.757,2021
United Arab Emirates,17.0,37648.953,2022
Argentina,450.0,8489.332,2022
Australia,6.4,53249.731,2022
Austria,3.8,48837.35,2022
Azerbaijan,4.5,4280.429,2022
Belgium,4.55,45615.359,2022
Bahrain,1.5,24342.844,2022
Brazil,22.9,7057.072,2022
Canada,6.77,43573.195,2022
Switzerland,6.5,86138.871,2022
Chile,3100.0,13056.638,2022
China,24.4,10525.001,2022
Colombia,12950.0,5363.235,2022
Costa Rica,2650.0,12163.927,2022
Czech Republic,89.0,23464.296,2022
Germany,4.46,47341.768,2022
Denmark,32.0,61075.932,2022
Egypt,42.5,3802.438,2022
Spain,4.58,27214.292,2022
Estonia,3.4,23911.344,2022
Euro area,4.42,38743.6829784797,2022
Finland,4.95,48827.138,2022
France,4.35,40536.857,2022
Britain,3.59,40230.545,2022
Greece,3.4,17570.395,2022
Guatemala,26.0,4610.073,2022
Hong Kong,22.0,46446.056,2022
Honduras,89.0,2332.526,2022
Croatia,23.67,14372.314,2022
Hungary,982.0,16099.958,2022
Indonesia,34000.0,3919.465,2022
India,190.0,1915.552,2022
Ireland,4.6,86313.772,2022
Israel,17.0,44842.685,2022
Italy,4.8,31956.855,2022
Jordan,2.12,4004.321,2022
Japan,390.0,40160.067,2022
South Korea,4600.0,33653.204,2022
Kuwait,1.25,25610.725,2022
Lebanon,70000.0,4410.402,2022
Sri Lanka,840.0,3846.175,2022
Lithuania,2.9,20348.942,2022
Latvia,2.85,18013.227,2022
Moldova,52.0,4377.542,2022
Mexico,69.0,8742.217,2022
Malaysia,9.99,10400.219,2022
Nicaragua,134.0,1952.183,2022
Netherlands,4.4,53529.218,2022
Norway,57.0,68275.277,2022
New Zealand,7.0,41343.891,2022
Oman,1.15,17076.319,2022
Pakistan,590.0,1376.512,2022
Peru,12.9,6328.104,2022
Philippines,142.0,3312.739,2022
Poland,14.08,15792.61,2022
Portugal,3.45,22224.61,2022
Qatar,13.0,50962.499,2022
Romania,10.6,13021.962,2022
Russia,135.0,10074.726,2022
Saudi Arabia,15.0,23271.404,2022
Singapore,5.9,61466.819,2022
Slovakia,3.8,19541.007,2022
Slovenia,2.8,25451.13,2022
Sweden,54.0,52522.605,2022
Thailand,128.0,7170.503,2022
Turkey,24.99,8576.486,2022
Taiwan,75.0,28571.44,2022
Ukraine,69.0,3780.393,2022
Uruguay,239.0,15198.839,2022
United States,5.04,64461.618,2022
Venezuela,23.0,1566.602,2022
Vietnam,69000.0,3548.892,2022
South Africa,39.9,5630.983,2022
United Arab Emirates,18.0,37648.953,2022
Argentina,590.0,8489.332,2022
Australia,6.7,53249.731,2022
Austria,4.35,48837.35,2022
Azerbaijan,4.7,4280.429,2022
Belgium,4.6,45615.359,2022
Bahrain,1.6,24342.844,2022
Brazil,22.9,7057.072,2022
Canada,5.88,43573.195,2022
Switzerland,6.5,86138.871,2022
Chile,3400.0,13056.638,2022
China,24.0,10525.001,2022
Colombia,14950.0,5363.235,2022
Costa Rica,2650.0,12163.927,2022
Czech Republic,95.0,23464.296,2022
Germany,4.58,47341.768,2022
Egypt,46.0,3802.438,2022
Spain,4.58,27214.292,2022
Estonia,3.4,23911.344,2022
Euro area,4.65,38743.6829784797,2022
Finland,5.25,48827.138,2022
France,4.7,40536.857,2022
Britain,3.69,40230.545,2022
Greece,4.0,17570.395,2022
Guatemala,26.0,4610.073,2022
Hong Kong,21.0,46446.056,2022
Honduras,89.0,2332.526,2022
Croatia,27.0,14372.314,2022
Hungary,1030.0,16099.958,2022
Indonesia,35000.0,3919.465,2022
India,191.0,1915.552,2022
Ireland,5.0,86313.772,2022
Israel,17.0,44842.685,2022
Italy,5.1,31956.855,2022
Jordan,2.3,4004.321,2022
Japan,390.0,40160.067,2022
South Korea,4600.0,33653.204,2022
Kuwait,1.3,25610.725,2022
Lebanon,130000.0,4410.402,2022
Sri Lanka,1340.0,3846.175,2022
Lithuania,3.05,20348.942,2022
Latvia,3.0,18013.227,2022
Moldova,60.0,4377.542,2022
Mexico,70.0,8742.217,2022
Malaysia,10.9,10400.219,2022
Nicaragua,139.0,1952.183,2022
Netherlands,4.5,53529.218,2022
Norway,62.0,68275.277,2022
New Zealand,7.1,41343.891,2022
Oman,1.42,17076.319,2022
Pakistan,700.0,1376.512,2022
Peru,13.9,6328.104,2022
Philippines,155.0,3312.739,2022
Poland,16.68,15792.61,2022
Portugal,4.0,22224.61,2022
Qatar,13.0,50962.499,2022
Romania,11.0,13021.962,2022
Saudi Arabia,17.0,23271.404,2022
Singapore,5.9,61466.819,2022
Slovakia,3.9,19541.007,2022
Slovenia,3.2,25451.13,2022
Sweden,57.0,52522.605,2022
Thailand,128.0,7170.503,2022
Turkey,47.0,8576.486,2022
Taiwan,75.0,28571.44,2022
Uruguay,255.0,15198.839,2022
United States,5.15,64461.618,2022
Venezuela,10.0,1566.602,2022
Vietnam,69000.0,3548.892,2022
South Africa,39.9,5630.983,2022
United Arab Emirates,18.0,43438.527,2023
Argentina,980.0,10610.191,2023
Australia,7.25,64352.012,2023
Austria,4.48,53696.146,2023
Azerbaijan,4.9,5468.269,2023
Belgium,4.6,52039.551,2023
Bahrain,1.7,27140.448,2023
Brazil,22.9,7951.553,2023
Canada,6.11,52520.512,2023
Switzerland,6.7,93966.493,2023
Chile,3800.0,16037.956,2023
China,24.0,12572.071,2023
Colombia,18900.0,6231.24,2023
Costa Rica,2800.0,12539.282,2023
Czech Republic,99.0,27667.664,2023
Germany,4.76,52300.607,2023
Denmark,37.0,69927.264,2023
Egypt,55.0,4145.939,2023
Spain,4.85,30893.22,2023
Estonia,3.8,27966.793,2023
Euro area,4.81,43623.2268826615,2023
Finland,5.35,53203.799,2023
France,5.0,45315.56,2023
Britain,3.79,46731.477,2023
Greece,4.55,20115.924,2023
Guatemala,27.0,5053.653,2023
Hong Kong,21.0,49848.567,2023
Honduras,100.0,2762.804,2023
Hungary,1350.0,18714.856,2023
Indonesia,35000.0,4351.304,2023
India,207.0,2250.179,2023
Ireland,4.9,103775.442,2023
Israel,17.0,52586.351,2023
Italy,5.2,36812.907,2023
Jordan,2.5,4158.625,2023
Japan,410.0,40161.178,2023
South Korea,4900.0,37518.466,2023
Kuwait,1.9,35204.773,2023
Lebanon,170000.0,3537.129,2023
Sri Lanka,1820.0,3999.337,2023
Lithuania,3.35,23873.118,2023
Latvia,3.4,20847.701,2023
Moldova,60.0,5293.206,2023
Mexico,79.0,10180.182,2023
Malaysia,12.9,11474.241,2023
Nicaragua,154.0,2163.083,2023
Netherlands,4.88,60380.434,2023
Norway,65.0,92955.206,2023
New Zealand,7.5,48856.669,2023
Oman,1.42,19458.452,2023
Pakistan,780.0,1565.575,2023
Peru,13.9,6852.501,2023
Philippines,155.0,3580.009,2023
Poland,17.75,18380.545,2023
Portugal,4.4,24838.758,2023
Qatar,14.0,65400.854,2023
Romania,12.3,14895.318,2023
Saudi Arabia,19.0,28396.104,2023
Singapore,5.9,79601.393,2023
Slovakia,4.0,21730.181,2023
Slovenia,3.5,29194.311,2023
Sweden,57.4,60961.254,2023
Thailand,128.0,7237.504,2023
Turkey,75.0,9540.539,2023
Taiwan,75.0,33070.701,2023
Ukraine,92.0,4875.094,2023
Uruguay,268.0,17149.709,2023
United States,5.36,71257.958,2023
Venezuela,56.3,2090.398,2023
Vietnam,72000.0,3756.885,2023
South Africa,49.9,6938.723,2023
United Arab Emirates,18.0,43438.527,2023
Argentina,1650.0,10610.191,2023
Australia,7.45,64352.012,2023
Austria,4.81,53696.146,2023
Azerbaijan,5.95,5468.269,2023
Belgium,4.9,52039.551,2023
Bahrain,1.7,27140.448,2023
Brazil,22.9,7951.553,2023
Canada,7.05,52520.512,2023
Switzerland,6.7,93966.493,2023
Chile,3900.0,16037.956,2023
China,25.0,12572.071,2023
Colombia,18900.0,6231.24,2023
Costa Rica,2950.0,12539.282,2023
Czech Republic,105.0,27667.664,2023
Germany,5.34,52300.607,2023
Denmark,38.2,69927.264,2023
Egypt,81.0,4145.939,2023
Spain,5.2,30893.22,2023
Estonia,4.45,27966.793,2023
Euro area,5.28,43623.2268826615,2023
Finland,5.75,53203.799,2023
France,5.3,45315.56,2023
Britain,4.19,46731.477,2023
Greece,4.7,20115.924,2023
Guatemala,29.0,5053.653,2023
Hong Kong,23.0,49848.567,2023
Honduras,102.0,2762.804,2023
Croatia,4.09,17955.798,2023
Hungary,1400.0,18714.856,2023
Indonesia,38000.0,4351.304,2023
India,209.0,2250.179,2023
Ireland,5.1,103775.442,2023
Israel,17.0,52586.351,2023
Italy,5.8,36812.907,2023
Jordan,2.5,4158.625,2023
Japan,450.0,40161.178,2023
South Korea,5200.0,37518.466,2023
Kuwait,1.4,35204.773,2023
Lebanon,430000.0,3537.129,2023
Sri Lanka,1820.0,3999.337,2023
Lithuania,3.85,23873.118,2023
Latvia,3.7,20847.701,2023
Moldova,63.0,5293.206,2023
Mexico,89.0,10180.182,2023
Malaysia,13.15,11474.241,2023
Nicaragua,159.0,2163.083,2023
Netherlands,5.33,60380.434,2023
Norway,70.0,92955.206,2023
New Zealand,8.1,48856.669,2023
Oman,1.42,19458.452,2023
Pakistan,985.0,1565.575,2023
Peru,14.9,6852.501,2023
Philippines,155.0,3580.009,2023
Poland,19.9,18380.545,2023
Portugal,4.9,24838.758,2023
Qatar,14.0,65400.854,2023
Romania,14.5,14895.318,2023
Saudi Arabia,19.0,28396.104,2023
Singapore,6.45,79601.393,2023
Slovakia,4.3,21730.181,2023
Slovenia,3.6,29194.311,2023
Sweden,60.27,60961.254,2023
Thailand,128.0,7237.504,2023
Turkey,95.0,9540.539,2023
Taiwan,75.0,33070.701,2023
Ukraine,105.0,4875.094,2023
Uruguay,259.0,17149.709,2023
United States,5.58,71257.958,2023
Vietnam,74000.0,3756.885,2023
South Africa,49.9,6938.723,2023
United Arab Emirates,18.0,48897.383,2024
Argentina,3150.0,13676.216,2024
Australia,7.7,65513.824,2024
Austria,5.01,52501.49,2024
Azerbaijan,5.95,7831.176,2024
Belgium,4.9,50274.779,2024
Bahrain,1.7,30533.09,2024
Brazil,23.9,9256.482,2024
Canada,7.47,55612.897,2024
Switzerland,7.1,94798.83,2024
Chile,4050.0,15238.627,2024
China,25.0,12642.847,2024
Colombia,19900.0,6681.732,2024
Costa Rica,2950.0,13239.876,2024
Czech Republic,105.0,27876.28,2024
Germany,5.49,49725.343,2024
Denmark,39.0,68434.674,2024
Egypt,85.0,4587.172,2024
Spain,5.3,30402.921,2024
Estonia,4.45,28469.346,2024
Euro area,5.39,42097.4520073896,2024
Finland,5.75,50549.712,2024
France,5.4,42581.012,2024
Britain,4.49,46103.227,2024
Greece,4.7,20818.073,2024
Guatemala,29.0,5509.385,2024
Hong Kong,23.0,47999.502,2024
Honduras,102.0,3033.97,2024
Croatia,4.38,18687.46,2024
Hungary,1400.0,18349.443,2024
Indonesia,38000.0,4784.117,2024
India,215.0,2366.31,2024
Ireland,5.5,104728.5,2024
Israel,17.0,55249.283,2024
Italy,5.8,35653.833,2024
Jordan,2.5,4317.09,2024
Japan,450.0,34158.343,2024
South Korea,5500.0,34822.405,2024
Kuwait,1.4,38380.031,2024
Lebanon,430000.0,4467.189,2024
Sri Lanka,1820.0,3330.376,2024
Lithuania,3.85,25188.866,2024
Latvia,3.7,21566.931,2024
Moldova,63.0,5726.139,2024
Mexico,89.0,11259.75,2024
Malaysia,13.15,12483.329,2024
Nicaragua,159.0,2371.681,2024
Netherlands,5.53,59540.881,2024
Norway,75.0,108438.547,2024
New Zealand,8.2,47327.941,2024
Oman,1.42,22688.95,2024
Pakistan,1065.0,1651.323,2024
Peru,15.9,7314.211,2024
Philippines,161.0,3644.792,2024
Poland,19.9,18701.354,2024
Portugal,4.95,24798.548,2024
Qatar,14.0,80385.391,2024
Romania,15.65,15726.433,2024
Saudi Arabia,19.0,34454.196,2024
Singapore,6.65,88428.724,2024
Slovakia,4.3,21284.578,2024
Slovenia,3.9,28462.153,2024
Sweden,61.29,55115.015,2024
Thailand,135.0,7072.418,2024
Turkey,120.0,10621.485,2024
Taiwan,75.0,32609.595,2024
Ukraine,110.0,4661.561,2024
Uruguay,275.0,19737.342,2024
United States,5.69,77979.858,2024
Venezuela,178.13,3421.754,2024
Vietnam,74000.0,4101.73,2024
South Africa,51.9,6629.419,2024
United Arab Emirates,18.0,48897.383,2024
Argentina,6100.0,13676.216,2024
Australia,7.75,65513.824,2024
Austria,5.15,52501.49,2024
Azerbaijan,6.15,7831.176,2024
Belgium,4.9,50274.779,2024
Bahrain,1.7,30533.09,2024
Brazil,23.9,9256.482,2024
Canada,7.62,55612.897,2024
Switzerland,7.1,94798.83,2024
Chile,4290.0,15238.627,2024
China,25.5,12642.847,2024
Colombia,19900.0,6681.732,2024
Costa Rica,2950.0,13239.876,2024
Czech Republic,109.0,27876.28,2024
Germany,6.05,49725.343,2024
Denmark,39.0,68434.674,2024
Egypt,120.0,4587.172,2024
Spain,5.4,30402.921,2024
Estonia,4.5,28469.346,2024
Euro area,5.6,42097.4520073896,2024
Finland,5.95,50549.712,2024
France,5.5,42581.012,2024
Britain,4.59,46103.227,2024
Greece,4.7,20818.073,2024
Guatemala,31.0,5509.385,2024
Hong Kong,23.0,47999.502,2024
Honduras,102.0,3033.97,2024
Croatia,4.32,18687.46,2024
Hungary,1420.0,18349.443,2024
Indonesia,40000.0,4784.117,2024
India,219.0,2366.31,2024
Ireland,5.65,104728.5,2024
Israel,17.0,55249.283,2024
Italy,5.8,35653.833,2024
Jordan,2.5,4317.09,2024
Japan,480.0,34158.343,2024
South Korea,5500.0,34822.405,2024
Kuwait,1.4,38380.031,2024
Lebanon,460000.0,4467.189,2024
Lithuania,4.1,25188.866,2024
Latvia,3.7,21566.931,2024
Moldova,63.0,5726.139,2024
Mexico,95.0,11259.75,2024
Malaysia,13.15,12483.329,2024
Nicaragua,159.0,2371.681,2024
Netherlands,5.69,59540.881,2024
Norway,74.0,108438.547,2024
New Zealand,8.4,47327.941,2024
Oman,1.53,22688.95,2024
Pakistan,1065.0,1651.323,2024
Peru,16.9,7314.211,2024
Philippines,167.0,3644.792,2024
Poland,20.9,18701.354,2024
Portugal,4.95,24798.548,2024
Qatar,14.0,80385.391,2024
Romania,16.25,15726.433,2024
Saudi Arabia,19.0,34454.196,2024
Singapore,6.65,88428.724,2024
Slovakia,4.5,21284.578,2024
Slovenia,3.9,28462.153,2024
Sweden,60.0,55115.015,2024
Thailand,135.0,7072.418,2024
Turkey,155.0,10621.485,2024
Taiwan,75.0,32609.595,2024
Ukraine,118.0,4661.561,2024
Uruguay,285.0,19737.342,2024
United States,5.69,77979.858,2024
Venezuela,181.6,3421.754,2024
Vietnam,76000.0,4101.73,2024
South Africa,51.9,6629.419,2024
United Arab Emirates,18.0,48140.644,2025
Argentina,7300.0,13823.346,2025
Australia,7.75,64546.866,2025
Austria,5.17,56856.125,2025
Azerbaijan,6.24,7144.807,2025
Belgium,4.9,53854.213,2025
Bahrain,1.7,29218.861,2025
Brazil,23.9,10267.932,2025
Canada,7.81,53607.403,2025
Switzerland,7.2,101510.023,2025
Chile,4490.0,16814.973,2025
China,25.5,12597.307,2025
Colombia,21900.0,6962.873,2025
Costa Rica,2990.0,16390.222,2025
Czech Republic,109.0,31630.255,2025
Germany,6.09,53565.041,2025
Denmark,39.0,68618.872,2025
Egypt,135.0,3743.608,2025
Spain,5.5,33895.593,2025
Estonia,4.6,30137.644,2025
Euro area,5.67,45414.5577823735,2025
Finland,5.95,53130.693,2025
France,5.5,46305.162,2025
Britain,4.59,49647.559,2025
Greece,4.7,22880.296,2025
Guatemala,31.0,5933.036,2025
Hong Kong,24.0,50586.78,2025
Honduras,105.0,3267.648,2025
Croatia,4.41,21520.681,2025
Hungary,1420.0,22131.628,2025
Indonesia,41000.0,4919.949,2025
India,226.0,2497.188,2025
Ireland,5.8,103465.935,2025
Israel,17.0,52643.451,2025
Italy,6.0,39012.076,2025
Jordan,2.5,4488.417,2025
Japan,480.0,33898.99,2025
South Korea,5500.0,35563.079,2025
Kuwait,1.4,33321.28,2025
Lebanon,480000.0,4486.987,2025
Lithuania,4.1,26997.801,2025
Latvia,3.7,23175.505,2025
Moldova,65.0,6641.582,2025
Mexico,95.0,13641.033,2025
Malaysia,13.15,12090.597,2025
Nicaragua,164.0,2672.628,2025
Netherlands,5.75,64829.341,2025
Norway,75.0,87702.851,2025
New Zealand,8.4,47423.081,2025
Oman,1.53,21062.91,2025
Pakistan,1050.0,1458.013,2025
Peru,16.9,7912.956,2025
Philippines,169.0,3906.229,2025
Poland,20.9,22085.808,2025
Portugal,4.95,27834.773,2025
Qatar,15.0,69540.54,2025
Romania,16.25,18424.685,2025
Saudi Arabia,19.0,32529.678,2025
Singapore,6.95,84734.277,2025
Slovakia,4.6,24468.025,2025
Slovenia,4.1,32673.257,2025
Sweden,62.0,55433.135,2025
Thailand,135.0,7335.637,2025
Turkey,190.0,13235.882,2025
Taiwan,78.0,32404.32,2025
Ukraine,120.0,5241.316,2025
Uruguay,299.0,21656.979,2025
United States,5.79,82715.1,2025
Venezuela,252.0,3737.81,2025
Vietnam,76000.0,4324.049,2025
South Africa,51.9,6111.746,2025
